房产名称,位置,成交日期,户型,价格(HKD),面积(呎),单价,特色
N/A,N/A,N/A,N/A,N/A,N/A,N/A,N/A
The Yoho Hub The Yoho Hub II 6座 高層 A室,N/A,N/A,2房,"$20,000",462 呎,$43,露台
維景灣畔 3期 17 座 低層 H室,N/A,N/A,2房,$625 萬,525 呎,"$11,905",N/A
寶翠園 1期 2座 中層 B室,N/A,N/A,2房,"$30,000",667 呎,$45,N/A
維港匯 3期 2座 低層 C室,N/A,N/A,2房,"$26,000",449 呎,$58,露台 | | 工作平台
御半山 2期 2B座 低層 H室,N/A,N/A,1房,"$12,000",305 呎,$39,露台
淘大花園 1期 A座 低層 8室,N/A,N/A,2房,"$14,500",375 呎,$39,N/A
維港1號 2A座 高層 A室,N/A,N/A,3房,"$34,300",763 呎,$45,露台 | | 工作平台
港島南岸 晉環 2A座 低層 F室,N/A,N/A,3房,"$35,000",728 呎,$48,露台 | | 工作平台
匯璽 2A期 2B座 高層 D室,N/A,N/A,1房,"$21,000",351 呎,$60,露台
嘉悅 1座 中層 A室,N/A,N/A,3房,"$36,000",799 呎,$45,露台 | | 工作平台
濱景花園 2座 中層 F室,N/A,N/A,3房,$585 萬,545 呎,"$10,734",N/A
將軍澳廣場 2期 6座 低層 C室,N/A,N/A,2房,"$18,500",451 呎,$41,N/A
駿景園 1期 01座 高層 D室,N/A,N/A,3房,"$30,000","1,041 呎",$29,N/A
映灣園 二期 8座 高層 A室,N/A,N/A,3房,$960 萬,897 呎,"$10,702",露台
柏景灣 06座 中層 D室,N/A,N/A,3房,"$1,432 萬",756 呎,"$18,942",N/A
安景閣 中層 B室,N/A,N/A,2房,$450 萬,297 呎,"$15,152",N/A
日出康城 Malibu 1A座 中層 A室,N/A,N/A,4房,"$37,000","1,087 呎",$34,露台 | | 工作平台
港島南岸 揚海 2B座 高層 E室,N/A,N/A,2房,"$31,500",553 呎,$57,露台 | | 工作平台
置富花園 H-1座 (富麗苑) 高層 D室,N/A,N/A,2房,$488 萬,439 呎,"$11,116",N/A
花都廣場 06座 低層 A室,N/A,N/A,2房,"$12,800",392 呎,$33,N/A
帝峯．皇殿 7座 低層 D室,N/A,N/A,開放式,"$17,500",333 呎,$53,露台 | | 工作平台
海栢花園 3座 低層 F室,N/A,N/A,3房,"$21,500",567 呎,$38,N/A
日出康城 Montara 2B座 低層 D室,N/A,N/A,2房,$630 萬,482 呎,"$13,071",露台
海典灣 第二座 高層 A室,N/A,N/A,3房,"$23,000",657 呎,$35,N/A
